1,Theresa,Bell,tbell0@goo.gl,Female,71.27.150.161
2,Adam,Black,ablack1@spiegel.de,Male,178.153.108.161
3,Daniel,West,dwest2@dot.gov,Male,174.123.146.69
4,Gerald,Ford,gford3@jalbum.net,Male,79.140.118.74
5,Wayne,Coleman,wcoleman4@virginia.edu,Male,89.232.197.238
6,Johnny,Murphy,jmurphy5@patch.com,Male,240.62.11.149
7,Patrick,Jacobs,pjacobs6@plala.or.jp,Male,62.122.59.195
8,Ronald,Morales,rmorales7@china.com.cn,Male,9.228.130.49
9,Anthony,Dunn,adunn8@drupal.org,Male,193.167.32.57
10,Alan,Shaw,ashaw9@bbc.co.uk,Male,58.197.16.118
11,Henry,Alvarez,halvareza@jiathis.com,Male,36.126.35.211
12,Larry,Bailey,lbaileyb@redcross.org,Male,81.136.166.20
13,Kelly,Lee,kleec@cornell.edu,Female,3.85.31.83
14,Timothy,Torres,ttorresd@qq.com,Male,225.173.250.60
15,Diane,Spencer,dspencere@yahoo.com,Female,210.190.205.188
16,Charles,Ryan,cryanf@hatena.ne.jp,Male,47.6.92.222
17,Edward,Peters,epetersg@mtv.com,Male,251.202.96.90
18,Virginia,Payne,vpayneh@myspace.com,Female,230.213.110.13
19,Lillian,Montgomery,lmontgomeryi@nhs.uk,Female,116.248.29.178
20,Jesse,Carter,jcarterj@gov.uk,Male,209.149.192.164
21,Joan,Kelley,jkelleyk@google.de,Female,255.5.171.94
22,Helen,Sullivan,hsullivanl@jugem.jp,Female,57.202.46.26
23,Kevin,Cole,kcolem@timesonline.co.uk,Male,7.121.171.140
24,Anne,Cook,acookn@cloudflare.com,Female,101.207.167.35
25,Diane,Morales,dmoraleso@facebook.com,Female,193.181.50.84
26,Richard,Wood,rwoodp@dailymotion.com,Male,72.243.118.9
27,Carol,Foster,cfosterq@purevolume.com,Female,231.119.19.74
28,Jessica,Lane,jlaner@histats.com,Female,140.234.162.198
29,Donald,Montgomery,dmontgomerys@princeton.edu,Male,5.251.98.234
30,Janet,Torres,jtorrest@ebay.com,Female,220.220.181.167
31,Janice,West,jwestu@toplist.cz,Female,152.218.201.65
32,Jason,Greene,jgreenev@nbcnews.com,Male,6.46.67.175
33,Janice,Barnes,jbarnesw@mtv.com,Female,149.221.127.120
34,David,Carroll,dcarrollx@purevolume.com,Male,162.113.206.204
35,Kimberly,Wood,kwoody@woothemes.com,Female,217.237.48.13
36,Sharon,Cruz,scruzz@qq.com,Female,49.177.107.51
37,Sharon,Bryant,sbryant10@amazon.co.jp,Female,214.237.226.164
38,Mildred,Ford,mford11@vk.com,Female,130.9.243.92
39,Linda,Garrett,lgarrett12@uiuc.edu,Female,26.80.199.6
40,Timothy,Lee,tlee13@tamu.edu,Male,245.187.9.141
41,William,Lawrence,wlawrence14@blog.com,Male,229.140.105.200
42,Earl,Kennedy,ekennedy15@netscape.com,Male,166.110.74.223
43,Jane,Kelley,jkelley16@apache.org,Female,66.93.117.126
44,George,Johnson,gjohnson17@dyndns.org,Male,23.99.241.14
45,Todd,Harrison,tharrison18@blog.com,Male,48.249.131.64
46,Jerry,Washington,jwashington19@1688.com,Male,206.35.132.163
47,Judith,Willis,jwillis1a@goodreads.com,Female,166.136.170.115
48,Howard,Cole,hcole1b@uiuc.edu,Male,239.235.246.69
49,Jeffrey,Gomez,jgomez1c@wikimedia.org,Male,144.134.127.14
50,Charles,Kennedy,ckennedy1d@cnbc.com,Male,118.192.73.141
51,Barbara,Fox,bfox1e@google.co.uk,Female,149.13.96.237
52,Helen,Barnes,hbarnes1f@sciencedaily.com,Female,117.121.225.147
53,Fred,Fowler,ffowler1g@economist.com,Male,9.92.42.250
54,Joyce,Frazier,jfrazier1h@drupal.org,Female,185.224.114.130
55,Brenda,Vasquez,bvasquez1i@bbc.co.uk,Female,105.248.248.67
56,Jane,Rogers,jrogers1j@house.gov,Female,200.80.246.79
57,Eugene,Ford,eford1k@jalbum.net,Male,16.219.55.214
58,Philip,Arnold,parnold1l@auda.org.au,Male,19.1.167.33
59,Gerald,Alvarez,galvarez1m@angelfire.com,Male,12.164.219.231
60,Paul,Jordan,pjordan1n@wunderground.com,Male,249.144.250.169
61,Christopher,Weaver,cweaver1o@utexas.edu,Male,62.15.183.32
62,Jessica,Hughes,jhughes1p@multiply.com,Female,211.184.149.210
63,Jason,Ruiz,jruiz1q@indiatimes.com,Male,137.241.20.209
64,Evelyn,Hughes,ehughes1r@wisc.edu,Female,169.57.96.91
65,Eric,Torres,etorres1s@dyndns.org,Male,44.227.240.205
66,Billy,Fernandez,bfernandez1t@pinterest.com,Male,190.159.70.96
67,Barbara,Kelley,bkelley1u@reddit.com,Female,92.177.143.107
68,Barbara,Fields,bfields1v@blogspot.com,Female,204.92.236.253
69,Melissa,Carroll,mcarroll1w@cloudflare.com,Female,248.166.132.137
70,Terry,Scott,tscott1x@sun.com,Male,3.62.150.224
71,Laura,Jones,ljones1y@prweb.com,Female,217.245.72.15
72,Adam,Parker,aparker1z@booking.com,Male,209.15.253.37
73,Patrick,Gutierrez,pgutierrez20@wikia.com,Male,119.28.82.137
74,Peter,Oliver,poliver21@blog.com,Male,66.162.156.143
75,Richard,Black,rblack22@cisco.com,Male,55.66.139.83
76,George,Stanley,gstanley23@tinyurl.com,Male,250.238.111.130
77,Ernest,Fowler,efowler24@github.com,Male,204.234.124.94
78,Bonnie,Perry,bperry25@123-reg.co.uk,Female,86.235.219.125
79,Walter,Butler,wbutler26@chronoengine.com,Male,239.31.51.181
80,Ruth,Hawkins,rhawkins27@mozilla.org,Female,143.115.87.141
81,Eugene,Smith,esmith28@techcrunch.com,Male,92.172.13.3
82,Benjamin,George,bgeorge29@aol.com,Male,51.132.3.170
83,Donald,Austin,daustin2a@oaic.gov.au,Male,43.202.120.112
84,Marilyn,Romero,mromero2b@unicef.org,Female,218.57.49.196
85,Linda,Rice,lrice2c@hostgator.com,Female,250.219.71.244
86,Joan,Howard,jhoward2d@themeforest.net,Female,217.60.44.224
87,Louise,Warren,lwarren2e@nhs.uk,Female,136.129.139.215
88,Larry,Lawrence,llawrence2f@e-recht24.de,Male,110.29.187.146
89,Dennis,Holmes,dholmes2g@people.com.cn,Male,154.229.87.146
90,Jack,Pierce,jpierce2h@fc2.com,Male,123.172.9.212
91,Judith,Brown,jbrown2i@ow.ly,Female,165.74.176.56
92,Antonio,Wood,awood2j@nyu.edu,Male,224.143.73.88
93,Linda,Nguyen,lnguyen2k@sciencedaily.com,Female,160.18.212.163
94,Martha,Hudson,mhudson2l@gov.uk,Female,1.97.193.183
95,Margaret,Tucker,mtucker2m@yandex.ru,Female,86.145.218.169
96,Edward,Wallace,ewallace2n@hp.com,Male,50.248.172.66
97,Sandra,Ortiz,sortiz2o@bloglines.com,Female,51.98.146.61
98,Eric,Reynolds,ereynolds2p@independent.co.uk,Male,20.36.8.104
99,Roy,Kelly,rkelly2q@squidoo.com,Male,11.109.141.148
100,Laura,Garrett,lgarrett2r@noaa.gov,Female,150.178.89.75
101,Ralph,Ellis,rellis2s@hexun.com,Male,89.145.133.254
102,Kathryn,Sullivan,ksullivan2t@hubpages.com,Female,183.190.213.71
103,Adam,Young,ayoung2u@tumblr.com,Male,196.229.27.9
104,Rebecca,George,rgeorge2v@imageshack.us,Female,157.191.43.92
105,Marilyn,Carr,mcarr2w@imgur.com,Female,96.70.178.25
106,Marie,Dixon,mdixon2x@taobao.com,Female,234.243.144.203
107,Harry,Grant,hgrant2y@pbs.org,Male,33.192.155.51
108,Todd,Ramirez,tramirez2z@slate.com,Male,254.144.26.86
109,Earl,Stewart,estewart30@wisc.edu,Male,212.118.55.8
110,Antonio,Price,aprice31@reuters.com,Male,43.194.121.139
111,Angela,Moore,amoore32@wikia.com,Female,140.77.206.117
112,Lawrence,Garza,lgarza33@facebook.com,Male,202.193.84.251
113,Terry,Thompson,tthompson34@histats.com,Male,22.65.74.154
114,Anthony,Spencer,aspencer35@soup.io,Male,152.79.90.177
115,Julia,Walker,jwalker36@oaic.gov.au,Female,159.115.46.76
116,Jeremy,Garza,jgarza37@fema.gov,Male,253.82.45.36
117,Timothy,Bradley,tbradley38@reference.com,Male,184.145.14.18
118,Amanda,Garcia,agarcia39@rambler.ru,Female,40.210.29.74
119,Nicole,Jones,njones3a@dropbox.com,Female,231.42.151.219
120,Kimberly,Lawrence,klawrence3b@upenn.edu,Female,246.46.4.136
121,Maria,Weaver,mweaver3c@trellian.com,Female,76.3.112.88
122,Nancy,Ramos,nramos3d@loc.gov,Female,75.138.172.201
123,Paula,Dunn,pdunn3e@thetimes.co.uk,Female,156.67.125.136
124,Paul,Young,pyoung3f@drupal.org,Male,193.140.61.25
125,Robin,Fisher,rfisher3g@163.com,Female,123.44.62.238
126,Katherine,Wright,kwright3h@newyorker.com,Female,203.126.201.236
127,Angela,Webb,awebb3i@amazon.co.jp,Female,233.74.84.32
128,Shirley,Myers,smyers3j@bloglovin.com,Female,232.173.250.109
129,Donna,Jackson,djackson3k@wiley.com,Female,167.153.33.104
130,Steve,Hicks,shicks3l@pbs.org,Male,92.226.244.88
131,Lillian,Burns,lburns3m@google.it,Female,115.83.135.203
132,Antonio,Collins,acollins3n@imgur.com,Male,137.201.82.251
133,Larry,Miller,lmiller3o@trellian.com,Male,170.6.221.195
134,Wayne,Frazier,wfrazier3p@infoseek.co.jp,Male,62.27.85.168
135,Laura,Hansen,lhansen3q@macromedia.com,Female,156.72.68.194
136,Gregory,Mendoza,gmendoza3r@amazon.co.uk,Male,196.78.191.226
137,Jonathan,Kim,jkim3s@usa.gov,Male,191.173.40.223
138,Harold,Webb,hwebb3t@blogspot.com,Male,208.21.35.200
139,Maria,Ruiz,mruiz3u@omniture.com,Female,113.161.180.22
140,Anthony,Kelley,akelley3v@addthis.com,Male,178.167.132.132
141,Lawrence,Lawson,llawson3w@free.fr,Male,39.221.3.90
142,Amy,Hart,ahart3x@printfriendly.com,Female,169.44.163.79
143,Janice,King,jking3y@yellowpages.com,Female,145.72.172.138
144,Dennis,Roberts,droberts3z@mapquest.com,Male,54.126.196.208
145,Sean,Rose,srose40@berkeley.edu,Male,55.174.58.90
146,Douglas,Dixon,ddixon41@yahoo.com,Male,226.241.103.250
147,Joshua,Fernandez,jfernandez42@facebook.com,Male,147.194.242.124
148,Adam,Price,aprice43@plala.or.jp,Male,78.190.168.60
149,Sarah,Hawkins,shawkins44@creativecommons.org,Female,234.83.129.140
150,William,Martin,wmartin45@qq.com,Male,83.209.206.235
151,Kevin,Reynolds,kreynolds46@time.com,Male,63.209.3.80
152,Robin,Hawkins,rhawkins47@seesaa.net,Female,125.237.47.15
153,Kathryn,Brooks,kbrooks48@nhs.uk,Female,230.230.1.48
154,Keith,Carpenter,kcarpenter49@prnewswire.com,Male,54.67.210.168
155,Lois,James,ljames4a@163.com,Female,193.104.39.188
156,Diane,Peters,dpeters4b@bigcartel.com,Female,45.40.80.92
157,William,Bryant,wbryant4c@de.vu,Male,121.112.5.211
158,Victor,Stevens,vstevens4d@wired.com,Male,173.169.208.125
159,Kimberly,Sullivan,ksullivan4e@kickstarter.com,Female,134.3.133.130
160,Harold,Stevens,hstevens4f@stumbleupon.com,Male,208.215.252.194
161,Joan,Jenkins,jjenkins4g@samsung.com,Female,46.238.32.45
162,Bonnie,Burns,bburns4h@google.ca,Female,150.139.122.22
163,Billy,Diaz,bdiaz4i@hexun.com,Male,220.62.249.82
164,Louise,Johnston,ljohnston4j@mit.edu,Female,104.91.1.218
165,Michelle,Henderson,mhenderson4k@npr.org,Female,196.180.152.67
166,Walter,Jenkins,wjenkins4l@seattletimes.com,Male,191.234.160.251
167,Shawn,Phillips,sphillips4m@nyu.edu,Male,161.226.218.105
168,Benjamin,Holmes,bholmes4n@nps.gov,Male,86.140.64.152
169,Charles,Gilbert,cgilbert4o@wikispaces.com,Male,82.198.204.7
170,Angela,Carroll,acarroll4p@merriam-webster.com,Female,105.21.17.12
171,Justin,Allen,jallen4q@nationalgeographic.com,Male,77.83.180.152
172,Kathryn,Andrews,kandrews4r@hugedomains.com,Female,103.124.206.112
173,Shirley,Jackson,sjackson4s@sohu.com,Female,189.44.78.42
174,Terry,Moreno,tmoreno4t@cdbaby.com,Male,61.80.52.78
175,Timothy,Perez,tperez4u@reuters.com,Male,46.23.64.204
176,Phillip,Schmidt,pschmidt4v@ucsd.edu,Male,23.199.7.104
177,Kathryn,Howell,khowell4w@wordpress.com,Female,85.191.225.245
178,Shawn,Elliott,selliott4x@miitbeian.gov.cn,Male,34.157.145.255
179,Kathryn,Moreno,kmoreno4y@unesco.org,Female,73.222.187.74
180,Carlos,Ford,cford4z@yellowpages.com,Male,121.74.243.145
181,Rachel,Hunter,rhunter50@last.fm,Female,118.59.202.199
182,Julia,Williams,jwilliams51@kickstarter.com,Female,70.208.146.129
183,Willie,Garza,wgarza52@google.cn,Male,189.24.141.179
184,Terry,Fox,tfox53@usatoday.com,Male,219.25.52.121
185,Keith,Rivera,krivera54@redcross.org,Male,142.15.154.7
186,Amanda,Gibson,agibson55@moonfruit.com,Female,41.12.196.16
187,Jose,Stephens,jstephens56@free.fr,Male,189.56.24.152
188,Terry,Stone,tstone57@canalblog.com,Male,127.35.25.41
189,Rachel,Holmes,rholmes58@wikia.com,Female,208.63.215.26
190,Shawn,Bell,sbell59@icq.com,Male,230.199.39.78
191,Shawn,Fowler,sfowler5a@youku.com,Male,181.26.77.57
192,Larry,Jones,ljones5b@is.gd,Male,201.104.64.105
193,Sara,Wilson,swilson5c@people.com.cn,Female,223.178.236.229
194,Ralph,Garza,rgarza5d@wufoo.com,Male,29.128.68.72
195,Shawn,Wallace,swallace5e@harvard.edu,Male,89.129.181.106
196,Nicholas,Fisher,nfisher5f@delicious.com,Male,150.64.235.186
197,Kelly,Rodriguez,krodriguez5g@marketwatch.com,Female,177.157.190.175
198,Julia,Richards,jrichards5h@quantcast.com,Female,47.229.220.185
199,Paul,George,pgeorge5i@tripadvisor.com,Male,142.1.21.143
200,Tammy,White,twhite5j@163.com,Female,4.11.71.183
201,Ruth,Burns,rburns5k@bravesites.com,Female,94.115.86.237
202,Stephanie,Henry,shenry5l@a8.net,Female,217.152.132.53
203,Lois,Patterson,lpatterson5m@4shared.com,Female,124.97.15.170
204,Rachel,Payne,rpayne5n@msu.edu,Female,159.246.207.214
205,Alan,Willis,awillis5o@shutterfly.com,Male,91.25.226.144
206,Albert,Fox,afox5p@nydailynews.com,Male,227.217.37.238
207,Anthony,Ross,aross5q@ehow.com,Male,2.9.251.69
208,Dorothy,Peters,dpeters5r@yale.edu,Female,34.32.166.129
209,Rachel,Reynolds,rreynolds5s@cafepress.com,Female,32.96.170.116
210,Amy,Olson,aolson5t@mtv.com,Female,127.20.213.214
211,Tammy,Warren,twarren5u@walmart.com,Female,195.80.231.31
212,Evelyn,Vasquez,evasquez5v@dedecms.com,Female,127.169.222.249
213,Julie,Martinez,jmartinez5w@4shared.com,Female,144.67.210.38
214,Albert,Ferguson,aferguson5x@google.pl,Male,137.150.221.138
215,Ralph,Johnston,rjohnston5y@lulu.com,Male,133.204.220.194
216,Linda,Chavez,lchavez5z@blog.com,Female,108.219.215.25
217,Wanda,Griffin,wgriffin60@slate.com,Female,214.187.254.101
218,Mark,Young,myoung61@taobao.com,Male,214.175.186.208
219,Jessica,Henry,jhenry62@quantcast.com,Female,224.232.172.215
220,Theresa,Wood,twood63@eventbrite.com,Female,248.103.219.178
221,Ann,Jenkins,ajenkins64@php.net,Female,74.87.220.150
222,Larry,Olson,lolson65@cyberchimps.com,Male,26.157.38.91
223,Shawn,Peters,speters66@angelfire.com,Male,255.89.184.247
224,Chris,Bryant,cbryant67@ezinearticles.com,Male,29.247.183.128
225,Frank,Foster,ffoster68@alibaba.com,Male,63.218.218.107
226,Henry,Gray,hgray69@pbs.org,Male,202.75.181.40
227,Betty,Perry,bperry6a@merriam-webster.com,Female,85.34.102.135
228,Jacqueline,Bishop,jbishop6b@japanpost.jp,Female,98.73.213.59
229,Irene,Arnold,iarnold6c@bbb.org,Female,59.159.165.147
230,Judy,Clark,jclark6d@facebook.com,Female,77.43.49.3
231,Larry,Cox,lcox6e@sciencedaily.com,Male,186.165.254.235
232,Brenda,Arnold,barnold6f@yelp.com,Female,235.200.188.189
233,Kenneth,Martin,kmartin6g@ustream.tv,Male,43.182.242.141
234,Alan,Morales,amorales6h@pcworld.com,Male,1.67.105.246
235,Roger,Richards,rrichards6i@va.gov,Male,99.28.215.102
236,Kevin,Henry,khenry6j@indiatimes.com,Male,156.9.28.50
237,Alice,Gutierrez,agutierrez6k@about.me,Female,11.159.98.139
238,Harold,Morris,hmorris6l@trellian.com,Male,72.144.194.102
239,Michelle,Shaw,mshaw6m@free.fr,Female,155.231.154.238
240,Albert,Hunter,ahunter6n@europa.eu,Male,170.179.76.125
241,Mark,Ortiz,mortiz6o@weibo.com,Male,120.174.185.121
242,Louise,Brown,lbrown6p@mashable.com,Female,220.235.89.253
243,Paula,Cruz,pcruz6q@netvibes.com,Female,108.182.224.27
244,Denise,Myers,dmyers6r@google.cn,Female,35.237.212.97
245,Sharon,Matthews,smatthews6s@indiatimes.com,Female,103.151.238.168
246,Johnny,Peters,jpeters6t@printfriendly.com,Male,17.118.185.41
247,Maria,Reid,mreid6u@homestead.com,Female,108.10.73.89
248,Paula,Nguyen,pnguyen6v@ox.ac.uk,Female,13.62.140.227
249,Wayne,Robinson,wrobinson6w@redcross.org,Male,249.35.248.85
250,Nicholas,Washington,nwashington6x@vkontakte.ru,Male,61.79.184.142
251,Sean,Brooks,sbrooks6y@discuz.net,Male,77.17.85.5
252,Fred,Reid,freid6z@sun.com,Male,88.3.75.198
253,Shirley,Carpenter,scarpenter70@nifty.com,Female,120.123.41.15
254,Antonio,Hart,ahart71@desdev.cn,Male,232.11.138.14
255,Lori,Williams,lwilliams72@elpais.com,Female,1.94.10.210
256,Lillian,Greene,lgreene73@symantec.com,Female,7.38.1.17
257,Albert,Lewis,alewis74@uol.com.br,Male,208.20.159.166
258,Maria,Alexander,malexander75@deviantart.com,Female,232.135.46.30
259,Rebecca,Thompson,rthompson76@icio.us,Female,111.75.33.0
260,Julia,Lawrence,jlawrence77@comcast.net,Female,252.52.222.122
261,Sarah,Mitchell,smitchell78@networkadvertising.org,Female,39.61.83.179
262,Sara,Stone,sstone79@youtube.com,Female,28.148.33.128
263,Philip,Flores,pflores7a@opensource.org,Male,170.140.59.198
264,Timothy,Cooper,tcooper7b@home.pl,Male,40.153.255.142
265,Elizabeth,Robinson,erobinson7c@google.com.au,Female,7.124.96.47
266,Ryan,Kelly,rkelly7d@webs.com,Male,71.121.44.24
267,Justin,Wilson,jwilson7e@economist.com,Male,33.151.15.17
268,Kathryn,Miller,kmiller7f@china.com.cn,Female,99.31.39.92
269,Debra,Lopez,dlopez7g@devhub.com,Female,73.176.194.59
270,Samuel,Griffin,sgriffin7h@hugedomains.com,Male,73.204.200.111
271,Alice,Phillips,aphillips7i@ed.gov,Female,103.72.151.146
272,Alice,Ramos,aramos7j@cdbaby.com,Female,53.78.204.98
273,Julie,Oliver,joliver7k@is.gd,Female,51.159.103.21
274,Elizabeth,Washington,ewashington7l@ca.gov,Female,109.219.128.85
275,Phillip,Kennedy,pkennedy7m@nasa.gov,Male,35.59.16.132
276,Jennifer,Ramirez,jramirez7n@admin.ch,Female,242.106.33.248
277,Jimmy,Banks,jbanks7o@rambler.ru,Male,7.245.254.210
278,Amanda,Cook,acook7p@china.com.cn,Female,148.84.27.244
279,Benjamin,Jordan,bjordan7q@cdc.gov,Male,12.219.143.47
280,Bobby,Rivera,brivera7r@hubpages.com,Male,190.193.240.249
281,Marie,Hudson,mhudson7s@hugedomains.com,Female,134.92.247.51
282,Jean,Bishop,jbishop7t@wisc.edu,Female,125.240.69.134
283,Marie,Lewis,mlewis7u@engadget.com,Female,14.76.227.207
284,Craig,Sanders,csanders7v@dmoz.org,Male,119.57.206.37
285,Lois,Turner,lturner7w@biblegateway.com,Female,188.186.141.104
286,Victor,Johnson,vjohnson7x@booking.com,Male,45.69.48.86
287,Jean,Williamson,jwilliamson7y@xinhuanet.com,Female,142.79.141.152
288,Antonio,Alvarez,aalvarez7z@netscape.com,Male,232.238.17.54
289,Steve,Jackson,sjackson80@unc.edu,Male,5.78.83.172
290,Christina,Thompson,cthompson81@last.fm,Female,53.89.239.17
291,Harold,Young,hyoung82@army.mil,Male,231.109.33.58
292,Rachel,Jackson,rjackson83@is.gd,Female,95.120.126.61
293,Sandra,Webb,swebb84@free.fr,Female,174.246.249.191
294,Kenneth,Alexander,kalexander85@washington.edu,Male,239.50.216.218
295,Paul,Turner,pturner86@webs.com,Male,151.16.134.215
296,Mildred,Ross,mross87@economist.com,Female,184.5.146.116
297,Raymond,Simpson,rsimpson88@cargocollective.com,Male,144.46.215.136
298,Shawn,Snyder,ssnyder89@desdev.cn,Male,230.101.186.225
299,Randy,Wallace,rwallace8a@psu.edu,Male,70.202.240.172
300,Denise,Robertson,drobertson8b@hatena.ne.jp,Female,202.157.214.195
301,Sean,Clark,sclark8c@pen.io,Male,133.20.128.196
302,Craig,Smith,csmith8d@foxnews.com,Male,57.101.127.167
303,Betty,Price,bprice8e@meetup.com,Female,100.26.158.255
304,Helen,Arnold,harnold8f@istockphoto.com,Female,29.183.7.65
305,Joshua,Harris,jharris8g@washingtonpost.com,Male,36.12.103.172
306,Robert,Williams,rwilliams8h@zimbio.com,Male,236.124.246.147
307,Donald,Bailey,dbailey8i@cloudflare.com,Male,61.97.47.163
308,Ronald,Henry,rhenry8j@histats.com,Male,18.44.191.61
309,Adam,Hunter,ahunter8k@simplemachines.org,Male,183.138.246.40
310,Harold,Sanchez,hsanchez8l@admin.ch,Male,127.130.106.145
311,Rebecca,Matthews,rmatthews8m@europa.eu,Female,102.150.185.157
312,Wayne,Moore,wmoore8n@merriam-webster.com,Male,224.73.219.112
313,Marie,Sanders,msanders8o@plala.or.jp,Female,215.232.17.199
314,Jason,Olson,jolson8p@scribd.com,Male,155.53.0.145
315,Lois,Richardson,lrichardson8q@va.gov,Female,219.38.19.188
316,Patrick,Robinson,probinson8r@wikia.com,Male,242.79.209.101
317,Thomas,Sanders,tsanders8s@github.io,Male,99.181.254.186
318,Kenneth,Perez,kperez8t@chronoengine.com,Male,193.33.179.50
319,Laura,Welch,lwelch8u@prlog.org,Female,98.77.189.81
320,Justin,Ramos,jramos8v@howstuffworks.com,Male,69.125.50.80
321,Eugene,Garza,egarza8w@amazon.de,Male,0.91.99.239
322,Helen,Stephens,hstephens8x@sciencedaily.com,Female,38.219.86.53
323,Wayne,Henry,whenry8y@businesswire.com,Male,75.80.26.241
324,Eric,Reid,ereid8z@state.tx.us,Male,6.217.141.238
325,Joseph,Reynolds,jreynolds90@disqus.com,Male,1.240.47.193
326,Terry,Hall,thall91@blog.com,Male,104.219.247.158
327,Aaron,Shaw,ashaw92@google.ca,Male,211.60.67.236
328,Anna,Foster,afoster93@aboutads.info,Female,165.60.0.252
329,Laura,Ellis,lellis94@photobucket.com,Female,130.34.241.46
330,Sharon,Wilson,swilson95@livejournal.com,Female,109.1.23.171
331,Angela,Kennedy,akennedy96@altervista.org,Female,78.183.175.39
332,Debra,Garza,dgarza97@xinhuanet.com,Female,204.47.38.86
333,Jimmy,Jacobs,jjacobs98@posterous.com,Male,14.251.186.196
334,Larry,Thomas,lthomas99@examiner.com,Male,222.49.188.137
335,Bruce,Cunningham,bcunningham9a@bloomberg.com,Male,36.181.159.243
336,Lillian,Rodriguez,lrodriguez9b@guardian.co.uk,Female,212.127.252.47
337,Earl,Burns,eburns9c@abc.net.au,Male,170.8.122.187
338,Sarah,Chapman,schapman9d@netscape.com,Female,10.202.216.109
339,Ralph,Rogers,rrogers9e@wikispaces.com,Male,102.221.169.217
340,Edward,Walker,ewalker9f@prnewswire.com,Male,31.51.114.24
341,Virginia,Johnson,vjohnson9g@yolasite.com,Female,241.99.89.178
342,Lillian,Henderson,lhenderson9h@gnu.org,Female,200.196.146.130
343,Alice,Long,along9i@simplemachines.org,Female,187.162.21.204
344,Roger,Grant,rgrant9j@webeden.co.uk,Male,57.107.250.224
345,Lillian,Hunter,lhunter9k@comcast.net,Female,44.118.99.197
346,Paula,Sanchez,psanchez9l@123-reg.co.uk,Female,209.206.188.219
347,Doris,Simpson,dsimpson9m@nydailynews.com,Female,135.78.65.160
348,Bonnie,Lee,blee9n@ftc.gov,Female,22.54.216.176
349,Denise,Palmer,dpalmer9o@php.net,Female,42.207.187.219
350,Edward,Porter,eporter9p@sfgate.com,Male,180.75.133.240
351,Adam,Fields,afields9q@telegraph.co.uk,Male,231.240.30.186
352,Kelly,Simpson,ksimpson9r@independent.co.uk,Female,216.202.122.2
353,Judy,Anderson,janderson9s@drupal.org,Female,110.78.112.114
354,Terry,Lee,tlee9t@ameblo.jp,Male,111.57.67.38
355,Carlos,Duncan,cduncan9u@utexas.edu,Male,102.223.108.121
356,Gary,Sanders,gsanders9v@microsoft.com,Male,126.96.178.6
357,Heather,Johnston,hjohnston9w@hc360.com,Female,62.150.69.52
358,Katherine,Kelly,kkelly9x@foxnews.com,Female,199.163.173.109
359,Susan,Kelly,skelly9y@baidu.com,Female,178.6.170.142
360,Virginia,Burke,vburke9z@who.int,Female,143.77.21.59
361,Anne,Barnes,abarnesa0@comcast.net,Female,154.21.132.224
362,Jose,Gilbert,jgilberta1@indiatimes.com,Male,119.196.159.246
363,Sarah,Fernandez,sfernandeza2@theglobeandmail.com,Female,111.90.24.50
364,Tammy,Smith,tsmitha3@qq.com,Female,241.165.247.42
365,Andrea,Smith,asmitha4@about.me,Female,104.160.217.123
366,Anna,Reyes,areyesa5@over-blog.com,Female,227.220.252.37
367,Cynthia,Black,cblacka6@rakuten.co.jp,Female,58.131.174.252
368,Jack,Hicks,jhicksa7@is.gd,Male,44.97.108.200
369,Marie,Palmer,mpalmera8@reverbnation.com,Female,18.239.9.44
370,Jerry,Murray,jmurraya9@live.com,Male,211.118.183.182
371,Theresa,Jacobs,tjacobsaa@tumblr.com,Female,80.156.94.185
372,Gary,Carroll,gcarrollab@upenn.edu,Male,240.147.61.51
373,Amy,Mccoy,amccoyac@bigcartel.com,Female,182.145.253.136
374,George,Butler,gbutlerad@jiathis.com,Male,213.78.83.222
375,Carlos,Andrews,candrewsae@domainmarket.com,Male,17.14.232.105
376,Philip,Morrison,pmorrisonaf@bbb.org,Male,0.77.192.62
377,Dorothy,Coleman,dcolemanag@miibeian.gov.cn,Female,180.146.153.83
378,Jerry,Henry,jhenryah@pcworld.com,Male,129.239.104.220
379,Justin,Harris,jharrisai@github.io,Male,114.22.72.10
380,Janice,Patterson,jpattersonaj@constantcontact.com,Female,32.105.164.93
381,Ernest,Richardson,erichardsonak@youtube.com,Male,187.107.100.241
382,Andrew,Kim,akimal@people.com.cn,Male,23.208.168.84
383,Gary,Henry,ghenryam@skyrock.com,Male,80.216.188.205
384,Tina,Pierce,tpiercean@hhs.gov,Female,239.248.130.246
385,Clarence,Alexander,calexanderao@ted.com,Male,214.119.50.148
386,Jonathan,Mccoy,jmccoyap@walmart.com,Male,194.218.28.203
387,Beverly,Wheeler,bwheeleraq@amazon.co.uk,Female,203.218.70.191
388,Judy,Simpson,jsimpsonar@bbb.org,Female,198.222.129.122
389,Sean,Williams,swilliamsas@lycos.com,Male,57.157.53.53
390,Arthur,Porter,aporterat@t.co,Male,90.4.13.224
391,Sharon,Schmidt,sschmidtau@google.ru,Female,36.231.132.238
392,William,Davis,wdavisav@admin.ch,Male,6.96.216.67
393,Jonathan,Carroll,jcarrollaw@unc.edu,Male,152.240.116.15
394,Wayne,Allen,wallenax@hc360.com,Male,237.243.66.131
395,Sara,Davis,sdavisay@virginia.edu,Female,85.83.136.17
396,Craig,Kim,ckimaz@zimbio.com,Male,168.254.217.162
397,Joseph,Fields,jfieldsb0@wikia.com,Male,9.249.48.71
398,Amy,Pierce,apierceb1@people.com.cn,Female,59.238.57.121
399,Jonathan,Martinez,jmartinezb2@cam.ac.uk,Male,75.196.69.223
400,Sarah,Reyes,sreyesb3@wikispaces.com,Female,125.45.117.14
401,Jacqueline,Tucker,jtuckerb4@nba.com,Female,216.41.121.136
402,Tina,Crawford,tcrawfordb5@springer.com,Female,149.15.170.79
403,Terry,Nelson,tnelsonb6@blogs.com,Male,52.32.105.23
404,Randy,Howell,rhowellb7@cargocollective.com,Male,185.65.172.196
405,Norma,Cole,ncoleb8@wikimedia.org,Female,125.32.221.220
406,Eric,Willis,ewillisb9@ted.com,Male,101.231.94.224
407,Helen,Ford,hfordba@techcrunch.com,Female,75.35.150.114
408,Richard,Hernandez,rhernandezbb@tamu.edu,Male,79.68.51.253
409,Dorothy,Anderson,dandersonbc@163.com,Female,222.41.90.73
410,Andrew,Burns,aburnsbd@alexa.com,Male,48.252.136.112
411,Joan,Nichols,jnicholsbe@bluehost.com,Female,85.151.62.2
412,Julia,Wilson,jwilsonbf@oracle.com,Female,60.22.197.230
413,Kathleen,Weaver,kweaverbg@weibo.com,Female,65.83.195.16
414,Kathryn,Simmons,ksimmonsbh@sakura.ne.jp,Female,15.250.129.197
415,Raymond,Cole,rcolebi@miitbeian.gov.cn,Male,122.208.37.139
416,Nicholas,Jordan,njordanbj@cmu.edu,Male,217.241.171.254
417,Ruby,Allen,rallenbk@google.com.au,Female,115.75.177.101
418,Laura,Duncan,lduncanbl@elegantthemes.com,Female,42.123.71.36
419,Virginia,Young,vyoungbm@xrea.com,Female,204.152.2.2
420,Marie,Wright,mwrightbn@mayoclinic.com,Female,224.201.12.98
421,Aaron,Jackson,ajacksonbo@umn.edu,Male,85.116.181.200
422,Carlos,Morgan,cmorganbp@sciencedaily.com,Male,77.107.21.197
423,Janet,Price,jpricebq@cloudflare.com,Female,125.250.181.241
424,Harry,Scott,hscottbr@hexun.com,Male,182.36.73.11
425,Ernest,Mendoza,emendozabs@springer.com,Male,152.114.117.65
426,Adam,Romero,aromerobt@php.net,Male,13.32.68.76
427,George,Kelley,gkelleybu@nps.gov,Male,152.247.130.80
428,Ashley,Fields,afieldsbv@squarespace.com,Female,211.93.182.207
429,Christine,Parker,cparkerbw@upenn.edu,Female,226.242.135.27
430,David,Reyes,dreyesbx@bing.com,Male,33.17.0.117
431,Albert,Simpson,asimpsonby@foxnews.com,Male,50.55.131.30
432,Mary,Elliott,melliottbz@freewebs.com,Female,5.193.159.229
433,Beverly,Graham,bgrahamc0@dyndns.org,Female,219.126.79.112
434,Mildred,Smith,msmithc1@oaic.gov.au,Female,101.4.6.187
435,Ann,Butler,abutlerc2@reddit.com,Female,38.43.43.131
436,Roy,Dunn,rdunnc3@tumblr.com,Male,248.151.68.187
437,Ryan,Torres,rtorresc4@ow.ly,Male,103.104.85.215
438,Linda,Holmes,lholmesc5@skyrock.com,Female,206.139.235.208
439,Paul,Garcia,pgarciac6@ibm.com,Male,62.75.212.102
440,Bruce,Collins,bcollinsc7@digg.com,Male,251.95.125.20
441,Janet,Hughes,jhughesc8@globo.com,Female,34.184.39.8
442,Russell,Lynch,rlynchc9@vinaora.com,Male,205.243.80.108
443,Joshua,Riley,jrileyca@google.com.hk,Male,7.157.241.92
444,Pamela,Martinez,pmartinezcb@last.fm,Female,31.150.206.186
445,Sarah,Crawford,scrawfordcc@merriam-webster.com,Female,8.10.230.135
446,Joshua,Johnson,jjohnsoncd@patch.com,Male,77.144.248.142
447,Earl,Long,elongce@bing.com,Male,12.146.99.79
448,Scott,Duncan,sduncancf@fastcompany.com,Male,0.59.34.206
449,Frank,Tucker,ftuckercg@cafepress.com,Male,156.223.18.46
450,Robin,Austin,raustinch@godaddy.com,Female,230.140.70.147
451,Marie,Nichols,mnicholsci@huffingtonpost.com,Female,252.73.229.248
452,Henry,Black,hblackcj@comsenz.com,Male,20.225.130.104
453,Sharon,Graham,sgrahamck@printfriendly.com,Female,99.57.196.5
454,Gregory,Gibson,ggibsoncl@creativecommons.org,Male,228.104.207.95
455,Sarah,Reynolds,sreynoldscm@google.pl,Female,48.20.172.186
456,Wayne,Cooper,wcoopercn@dyndns.org,Male,208.72.206.134
457,Bobby,Fowler,bfowlerco@free.fr,Male,165.72.6.147
458,Larry,Moore,lmoorecp@howstuffworks.com,Male,86.50.167.189
459,Adam,Tucker,atuckercq@domainmarket.com,Male,43.156.10.10
460,Anna,Wells,awellscr@sciencedirect.com,Female,199.32.125.227
461,Clarence,Rivera,criveracs@cornell.edu,Male,14.22.191.70
462,David,Matthews,dmatthewsct@businesswire.com,Male,125.24.135.200
463,Sharon,Fuller,sfullercu@1und1.de,Female,99.255.52.18
464,David,Fowler,dfowlercv@addthis.com,Male,244.191.81.4
465,Maria,Harper,mharpercw@oakley.com,Female,68.145.231.78
466,Jonathan,Chavez,jchavezcx@ycombinator.com,Male,236.117.118.248
467,Kimberly,Webb,kwebbcy@tinyurl.com,Female,81.57.70.154
468,Dennis,Lawrence,dlawrencecz@meetup.com,Male,24.183.9.231
469,Johnny,Lopez,jlopezd0@nyu.edu,Male,38.238.224.35
470,Johnny,Medina,jmedinad1@domainmarket.com,Male,19.250.13.178
471,Lisa,Rogers,lrogersd2@phoca.cz,Female,62.251.95.182
472,John,Ryan,jryand3@pinterest.com,Male,167.105.246.116
473,Teresa,Sanders,tsandersd4@toplist.cz,Female,169.237.85.120
474,Peter,Barnes,pbarnesd5@mac.com,Male,185.46.59.38
475,Amy,Fisher,afisherd6@oaic.gov.au,Female,134.224.32.116
476,Brandon,Fox,bfoxd7@fc2.com,Male,202.132.12.61
477,Helen,Powell,hpowelld8@spiegel.de,Female,77.190.2.103
478,Steve,Schmidt,sschmidtd9@printfriendly.com,Male,246.131.70.14
479,Alice,Brown,abrownda@mozilla.com,Female,245.12.190.8
480,Michelle,Butler,mbutlerdb@nifty.com,Female,108.89.102.92
481,Janice,Meyer,jmeyerdc@arizona.edu,Female,226.62.10.57
482,Fred,Lynch,flynchdd@hexun.com,Male,253.109.115.148
483,Anne,Grant,agrantde@umn.edu,Female,210.216.108.123
484,Rebecca,Mccoy,rmccoydf@miitbeian.gov.cn,Female,70.5.255.187
485,Anna,Ellis,aellisdg@cisco.com,Female,46.231.65.165
486,Scott,Carpenter,scarpenterdh@blogs.com,Male,151.160.207.83
487,Ernest,Nelson,enelsondi@craigslist.org,Male,66.224.11.160
488,Andrew,Hamilton,ahamiltondj@surveymonkey.com,Male,206.244.168.108
489,Antonio,Owens,aowensdk@cbslocal.com,Male,159.30.58.67
490,Jason,Jacobs,jjacobsdl@merriam-webster.com,Male,138.158.90.33
491,Melissa,Harris,mharrisdm@patch.com,Female,76.148.123.150
492,Theresa,Castillo,tcastillodn@shareasale.com,Female,253.61.225.91
493,Russell,Boyd,rboyddo@unicef.org,Male,72.134.8.82
494,Frank,Morrison,fmorrisondp@tripod.com,Male,236.147.115.153
495,Bobby,Howell,bhowelldq@rakuten.co.jp,Male,107.181.4.172
496,Andrew,Cox,acoxdr@unicef.org,Male,249.187.186.79
497,Sharon,Johnston,sjohnstonds@sun.com,Female,87.212.216.43
498,Fred,Lewis,flewisdt@miitbeian.gov.cn,Male,151.121.176.11
499,Bonnie,Ramirez,bramirezdu@mlb.com,Female,43.239.151.56
500,Mildred,Alvarez,malvarezdv@moonfruit.com,Female,127.173.228.63
501,Terry,Sims,tsimsdw@dyndns.org,Male,149.144.155.12
502,Kevin,Day,kdaydx@sourceforge.net,Male,190.98.61.85
503,Juan,Hansen,jhansendy@canalblog.com,Male,102.31.84.82
504,Ryan,Flores,rfloresdz@ucoz.ru,Male,134.254.206.153
505,Lisa,Sanders,lsanderse0@blogger.com,Female,117.236.46.2
506,Tammy,Harvey,tharveye1@house.gov,Female,83.61.42.186
507,Joe,Ryan,jryane2@bloglovin.com,Male,229.157.87.42
508,Antonio,Simpson,asimpsone3@springer.com,Male,192.151.172.49
509,Debra,Collins,dcollinse4@oaic.gov.au,Female,60.252.9.237
510,Kenneth,Carr,kcarre5@dropbox.com,Male,27.130.122.174
511,James,Day,jdaye6@ucsd.edu,Male,238.123.221.128
512,Jonathan,Cunningham,jcunninghame7@house.gov,Male,228.117.179.80
513,Judy,Foster,jfostere8@disqus.com,Female,137.186.4.228
514,Juan,Garcia,jgarciae9@sina.com.cn,Male,209.186.67.27
515,Victor,Dixon,vdixonea@pcworld.com,Male,220.72.173.132
516,Diana,Garza,dgarzaeb@irs.gov,Female,124.45.173.117
517,Nancy,Nelson,nnelsonec@omniture.com,Female,233.148.223.136
518,Patricia,Watkins,pwatkinsed@shutterfly.com,Female,25.134.223.148
519,Joshua,Black,jblackee@nyu.edu,Male,135.91.29.174
520,Kathleen,Jordan,kjordanef@deliciousdays.com,Female,215.93.243.79
521,Brenda,Bowman,bbowmaneg@google.cn,Female,176.137.198.143
522,Margaret,Bryant,mbryanteh@cdc.gov,Female,39.244.251.121
523,Phillip,Smith,psmithei@nba.com,Male,209.93.145.153
524,Joan,Marshall,jmarshallej@fc2.com,Female,151.143.29.202
525,Jesse,Fisher,jfisherek@biglobe.ne.jp,Male,98.239.216.250
526,Annie,Gordon,agordonel@wunderground.com,Female,166.120.46.121
527,Betty,Lynch,blynchem@phoca.cz,Female,115.112.101.205
528,George,Watson,gwatsonen@google.ru,Male,231.113.196.24
529,Annie,Burns,aburnseo@trellian.com,Female,153.82.128.214
530,Albert,Phillips,aphillipsep@csmonitor.com,Male,191.27.16.229
531,Kenneth,Hayes,khayeseq@a8.net,Male,14.178.86.112
532,Lisa,Ruiz,lruizer@cnbc.com,Female,217.28.80.127
533,Roy,Hudson,rhudsones@epa.gov,Male,219.35.3.57
534,Robert,Fuller,rfulleret@w3.org,Male,159.26.21.242
535,Andrea,Dean,adeaneu@artisteer.com,Female,130.118.224.150
536,Roy,Perry,rperryev@dropbox.com,Male,142.236.201.68
537,Ruby,Carpenter,rcarpenterew@wikipedia.org,Female,2.204.151.48
538,Stephanie,Dixon,sdixonex@moonfruit.com,Female,145.232.229.83
539,Larry,Ruiz,lruizey@acquirethisname.com,Male,12.155.7.158
540,Heather,Nichols,hnicholsez@dagondesign.com,Female,127.156.77.186
541,Billy,Phillips,bphillipsf0@cpanel.net,Male,92.156.41.46
542,Martha,Phillips,mphillipsf1@cnn.com,Female,124.123.0.154
543,Michael,Arnold,marnoldf2@discuz.net,Male,11.90.87.200
544,Joe,Hill,jhillf3@rakuten.co.jp,Male,196.55.16.213
545,Justin,Lawrence,jlawrencef4@squarespace.com,Male,145.30.60.171
546,Louise,Kelly,lkellyf5@prweb.com,Female,26.185.75.96
547,Harold,Hanson,hhansonf6@desdev.cn,Male,55.74.168.228
548,Kevin,Berry,kberryf7@example.com,Male,144.111.238.17
549,Jonathan,Kelly,jkellyf8@bigcartel.com,Male,146.220.173.133
550,Carl,Cooper,ccooperf9@topsy.com,Male,146.201.174.116
551,Heather,Mendoza,hmendozafa@twitter.com,Female,140.78.210.131
552,Jesse,Stewart,jstewartfb@soup.io,Male,183.70.131.14
553,Ann,Perez,aperezfc@google.co.uk,Female,70.203.122.117
554,Angela,Chapman,achapmanfd@skype.com,Female,2.109.227.105
555,Charles,Baker,cbakerfe@google.co.uk,Male,94.141.85.243
556,Johnny,Garrett,jgarrettff@hp.com,Male,82.150.114.203
557,Jeremy,Long,jlongfg@hud.gov,Male,79.121.98.145
558,Louise,Hawkins,lhawkinsfh@aboutads.info,Female,9.156.179.179
559,Tammy,Hudson,thudsonfi@bbb.org,Female,30.202.72.167
560,Joe,Gonzales,jgonzalesfj@jigsy.com,Male,213.130.93.13
561,Larry,Flores,lfloresfk@gizmodo.com,Male,27.38.201.138
562,Anna,Palmer,apalmerfl@shutterfly.com,Female,9.199.77.11
563,Ronald,Williamson,rwilliamsonfm@who.int,Male,222.43.180.42
564,Henry,Rose,hrosefn@deliciousdays.com,Male,70.248.255.6
565,Jean,Hall,jhallfo@paginegialle.it,Female,182.81.47.10
566,George,Burke,gburkefp@wsj.com,Male,243.127.155.14
567,Kathy,Williamson,kwilliamsonfq@blinklist.com,Female,97.86.22.41
568,Adam,Fuller,afullerfr@hc360.com,Male,7.202.75.62
569,Virginia,Baker,vbakerfs@washington.edu,Female,183.215.96.1
570,Jacqueline,Mccoy,jmccoyft@g.co,Female,221.55.164.200
571,Judith,Ramos,jramosfu@usa.gov,Female,19.48.20.121
572,Irene,Andrews,iandrewsfv@techcrunch.com,Female,43.95.20.109
573,Helen,Mccoy,hmccoyfw@1und1.de,Female,204.196.24.49
574,Brian,Oliver,boliverfx@delicious.com,Male,172.248.216.214
575,Ralph,Hawkins,rhawkinsfy@walmart.com,Male,60.134.122.148
576,Laura,Day,ldayfz@php.net,Female,231.243.243.51
577,Catherine,Austin,causting0@guardian.co.uk,Female,180.76.132.207
578,Carl,Ward,cwardg1@hubpages.com,Male,173.170.201.238
579,Gloria,Garrett,ggarrettg2@yale.edu,Female,112.13.162.250
580,Thomas,Phillips,tphillipsg3@pinterest.com,Male,134.184.36.24
581,Emily,Price,epriceg4@buzzfeed.com,Female,13.250.115.101
582,Peter,Stevens,pstevensg5@photobucket.com,Male,70.243.29.210
583,Willie,Weaver,wweaverg6@dailymotion.com,Male,4.186.118.4
584,Irene,Hill,ihillg7@pinterest.com,Female,90.202.78.58
585,Ashley,Jones,ajonesg8@newyorker.com,Female,250.227.17.220
586,Scott,Allen,salleng9@ted.com,Male,149.138.237.119
587,Emily,Vasquez,evasquezga@imageshack.us,Female,147.109.62.52
588,Barbara,Harvey,bharveygb@wunderground.com,Female,21.93.240.225
589,Marilyn,Smith,msmithgc@oracle.com,Female,154.103.86.80
590,Aaron,Jordan,ajordangd@unc.edu,Male,129.95.102.191
591,Richard,Lynch,rlynchge@nydailynews.com,Male,165.147.96.124
592,Dennis,Gonzales,dgonzalesgf@wikispaces.com,Male,139.212.181.231
593,Walter,Lawson,wlawsongg@samsung.com,Male,72.233.68.241
594,Stephanie,Burns,sburnsgh@census.gov,Female,122.26.111.11
595,Howard,Hudson,hhudsongi@furl.net,Male,48.236.196.180
596,Albert,Cole,acolegj@liveinternet.ru,Male,56.173.16.229
597,Irene,Arnold,iarnoldgk@moonfruit.com,Female,23.33.75.211
598,Fred,Larson,flarsongl@hhs.gov,Male,241.28.186.150
599,Christina,Jenkins,cjenkinsgm@blogger.com,Female,117.249.141.184
600,Bruce,Ford,bfordgn@tumblr.com,Male,146.31.151.6
601,Denise,Reynolds,dreynoldsgo@furl.net,Female,35.95.228.29
602,Keith,Vasquez,kvasquezgp@army.mil,Male,235.99.152.218
603,Douglas,Moreno,dmorenogq@ucla.edu,Male,140.126.2.244
604,Terry,Ray,traygr@meetup.com,Male,109.147.111.8
605,Norma,Jordan,njordangs@xrea.com,Female,204.60.254.107
606,Cheryl,Dixon,cdixongt@linkedin.com,Female,27.24.195.211
607,Keith,Cunningham,kcunninghamgu@engadget.com,Male,0.253.153.177
608,Denise,Jackson,djacksongv@liveinternet.ru,Female,25.225.40.207
609,Emily,Castillo,ecastillogw@newsvine.com,Female,158.236.120.159
610,Tina,Cole,tcolegx@amazonaws.com,Female,247.122.201.236
611,Steven,Price,spricegy@tinypic.com,Male,176.95.19.2
612,Deborah,Banks,dbanksgz@github.io,Female,185.181.103.191
613,Norma,Cox,ncoxh0@geocities.jp,Female,64.57.166.26
614,Nicholas,Watkins,nwatkinsh1@indiegogo.com,Male,61.170.120.86
615,Howard,Adams,hadamsh2@yellowbook.com,Male,171.111.150.177
616,Matthew,Welch,mwelchh3@tripod.com,Male,27.118.206.238
617,Johnny,Adams,jadamsh4@google.com.au,Male,131.26.166.186
618,Jesse,Stanley,jstanleyh5@telegraph.co.uk,Male,205.252.150.147
619,Kenneth,Parker,kparkerh6@springer.com,Male,181.160.71.80
620,Nicholas,Martin,nmartinh7@twitter.com,Male,140.171.134.161
621,Jane,Reyes,jreyesh8@ihg.com,Female,36.35.141.249
622,Jason,Schmidt,jschmidth9@jigsy.com,Male,144.224.161.183
623,Bobby,Parker,bparkerha@usgs.gov,Male,234.45.174.161
624,Susan,Anderson,sandersonhb@ted.com,Female,131.214.138.151
625,Jeremy,Carr,jcarrhc@nationalgeographic.com,Male,160.95.154.70
626,Betty,Bennett,bbennetthd@microsoft.com,Female,146.42.75.161
627,Eric,Watson,ewatsonhe@nydailynews.com,Male,61.29.4.119
628,Shirley,Smith,ssmithhf@hc360.com,Female,175.92.144.126
629,Shawn,Johnson,sjohnsonhg@ustream.tv,Male,111.10.184.100
630,Ronald,Stevens,rstevenshh@engadget.com,Male,172.185.128.55
631,Gloria,Anderson,gandersonhi@webmd.com,Female,172.142.119.45
632,Kenneth,Hamilton,khamiltonhj@forbes.com,Male,122.16.33.33
633,Judy,Stewart,jstewarthk@webs.com,Female,10.170.43.167
634,Edward,Roberts,erobertshl@si.edu,Male,139.221.11.27
635,Helen,Harris,hharrishm@wordpress.org,Female,198.65.101.10
636,Kimberly,Garza,kgarzahn@mayoclinic.com,Female,149.150.126.171
637,Steve,Cooper,scooperho@ebay.co.uk,Male,117.225.145.140
638,Carol,Gomez,cgomezhp@squarespace.com,Female,61.17.132.147
639,Frank,Snyder,fsnyderhq@storify.com,Male,83.140.209.187
640,Robert,Robertson,rrobertsonhr@hp.com,Male,75.38.82.111
641,Tina,Rose,trosehs@tumblr.com,Female,146.67.115.85
642,Melissa,Fox,mfoxht@aboutads.info,Female,130.77.170.131
643,Lois,Griffin,lgriffinhu@imageshack.us,Female,131.180.1.224
644,Ashley,Crawford,acrawfordhv@forbes.com,Female,204.7.97.43
645,Wayne,Adams,wadamshw@angelfire.com,Male,153.204.165.78
646,Mark,Jackson,mjacksonhx@studiopress.com,Male,88.95.81.212
647,Rose,White,rwhitehy@mail.ru,Female,63.122.22.159
648,Thomas,Mccoy,tmccoyhz@taobao.com,Male,4.131.93.173
649,Jesse,Payne,jpaynei0@homestead.com,Male,17.170.247.180
650,Rose,Rose,rrosei1@diigo.com,Female,110.139.85.91
651,William,Diaz,wdiazi2@delicious.com,Male,172.248.46.113
652,Clarence,Fox,cfoxi3@youku.com,Male,63.34.51.71
653,Arthur,Little,alittlei4@cornell.edu,Male,128.161.183.95
654,Christina,Ramirez,cramirezi5@wufoo.com,Female,140.244.192.147
655,Paul,West,pwesti6@patch.com,Male,223.144.59.79
656,Tina,Hayes,thayesi7@1688.com,Female,201.90.171.95
657,Peter,Mcdonald,pmcdonaldi8@whitehouse.gov,Male,64.65.141.227
658,Ralph,Thompson,rthompsoni9@macromedia.com,Male,210.141.65.50
659,Betty,Alexander,balexanderia@timesonline.co.uk,Female,120.82.162.242
660,Norma,Alvarez,nalvarezib@blogtalkradio.com,Female,117.243.156.227
661,Ernest,Kelly,ekellyic@whitehouse.gov,Male,60.214.252.204
662,Tina,Berry,tberryid@arizona.edu,Female,130.126.110.18
663,Henry,Lane,hlaneie@amazonaws.com,Male,57.15.49.202
664,Virginia,Stevens,vstevensif@amazon.co.uk,Female,175.190.196.39
665,Gary,Gardner,ggardnerig@canalblog.com,Male,238.188.137.165
666,Walter,Porter,wporterih@networkadvertising.org,Male,122.193.238.228
667,Diana,Fields,dfieldsii@altervista.org,Female,99.58.112.39
668,Frances,Brown,fbrownij@va.gov,Female,50.53.77.151
669,Linda,Armstrong,larmstrongik@merriam-webster.com,Female,89.124.6.199
670,Mary,Duncan,mduncanil@mozilla.org,Female,51.233.6.73
671,Jack,Simmons,jsimmonsim@163.com,Male,181.59.221.1
672,Gloria,Snyder,gsnyderin@mtv.com,Female,166.102.126.60
673,Joan,Powell,jpowellio@sciencedirect.com,Female,209.0.229.184
674,Raymond,Black,rblackip@etsy.com,Male,210.70.236.183
675,Roy,Day,rdayiq@discuz.net,Male,221.95.3.62
676,Adam,Gibson,agibsonir@ft.com,Male,162.133.116.203
677,Patrick,Hawkins,phawkinsis@homestead.com,Male,76.98.130.9
678,Laura,Long,llongit@xrea.com,Female,191.186.222.100
679,Catherine,Collins,ccollinsiu@china.com.cn,Female,0.134.99.251
680,Anthony,Powell,apowelliv@ycombinator.com,Male,94.37.168.183
681,Sarah,Bradley,sbradleyiw@godaddy.com,Female,171.86.13.171
682,Doris,Palmer,dpalmerix@ehow.com,Female,15.128.192.254
683,Kathy,Adams,kadamsiy@elpais.com,Female,38.143.98.29
684,Jeremy,Reid,jreidiz@comcast.net,Male,23.47.156.224
685,Brenda,Hall,bhallj0@squidoo.com,Female,143.223.102.63
686,Tina,Shaw,tshawj1@constantcontact.com,Female,130.84.166.170
687,Brian,Ford,bfordj2@istockphoto.com,Male,95.204.201.185
688,Dorothy,Johnston,djohnstonj3@paginegialle.it,Female,1.150.185.113
689,Carlos,Mitchell,cmitchellj4@domainmarket.com,Male,181.241.129.247
690,Gerald,Mcdonald,gmcdonaldj5@wiley.com,Male,45.209.137.131
691,Diane,Hunt,dhuntj6@fastcompany.com,Female,120.44.23.125
692,Charles,Murray,cmurrayj7@about.com,Male,86.224.83.77
693,Randy,King,rkingj8@biblegateway.com,Male,95.10.77.178
694,Johnny,Hunter,jhunterj9@geocities.jp,Male,135.162.183.13
695,Shawn,Nelson,snelsonja@nbcnews.com,Male,212.6.118.44
696,Louis,Mendoza,lmendozajb@simplemachines.org,Male,250.252.159.241
697,Shirley,Chapman,schapmanjc@cornell.edu,Female,198.4.174.126
698,Juan,Shaw,jshawjd@reference.com,Male,230.235.214.168
699,Sandra,Day,sdayje@google.co.jp,Female,192.136.131.87
700,Catherine,Allen,callenjf@yandex.ru,Female,117.247.172.239
701,Brian,Rogers,brogersjg@creativecommons.org,Male,153.181.85.68
702,Clarence,Armstrong,carmstrongjh@prweb.com,Male,144.194.204.247
703,Robert,Simmons,rsimmonsji@google.ca,Male,92.234.200.44
704,Betty,Murphy,bmurphyjj@fema.gov,Female,67.174.80.226
705,Carl,Fowler,cfowlerjk@blogs.com,Male,61.110.251.248
706,Christopher,Holmes,cholmesjl@lycos.com,Male,92.18.56.220
707,Judy,Arnold,jarnoldjm@barnesandnoble.com,Female,249.18.154.6
708,Laura,Price,lpricejn@microsoft.com,Female,29.213.170.211
709,Billy,Wallace,bwallacejo@wufoo.com,Male,101.130.106.98
710,Fred,Williams,fwilliamsjp@barnesandnoble.com,Male,179.142.195.209
711,Kelly,Flores,kfloresjq@imdb.com,Female,65.131.169.52
712,Stephanie,Russell,srusselljr@gov.uk,Female,254.13.3.108
713,Christine,Mendoza,cmendozajs@cisco.com,Female,58.49.82.66
714,Margaret,Wright,mwrightjt@cbslocal.com,Female,122.180.42.45
715,Antonio,Cook,acookju@alibaba.com,Male,11.120.103.51
716,Harold,Larson,hlarsonjv@nasa.gov,Male,115.108.241.35
717,Tammy,Lynch,tlynchjw@shinystat.com,Female,252.140.46.191
718,Jimmy,Simpson,jsimpsonjx@google.co.jp,Male,239.102.2.199
719,Tammy,Martin,tmartinjy@cafepress.com,Female,135.79.197.37
720,Evelyn,Nichols,enicholsjz@psu.edu,Female,217.13.58.245
721,Carlos,Kennedy,ckennedyk0@parallels.com,Male,9.175.135.153
722,Jeremy,Wheeler,jwheelerk1@disqus.com,Male,63.42.186.75
723,Kathy,Hunter,khunterk2@cpanel.net,Female,228.38.141.51
724,Steve,Patterson,spattersonk3@joomla.org,Male,9.50.227.232
725,Joseph,Jenkins,jjenkinsk4@4shared.com,Male,115.251.226.117
726,Susan,Wallace,swallacek5@bloomberg.com,Female,71.136.1.58
727,Mildred,Martinez,mmartinezk6@auda.org.au,Female,254.133.111.212
728,Victor,Mitchell,vmitchellk7@sciencedirect.com,Male,133.57.5.219
729,Jacqueline,Castillo,jcastillok8@youku.com,Female,164.80.98.138
730,Fred,Coleman,fcolemank9@rakuten.co.jp,Male,81.241.174.174
731,Jimmy,Hamilton,jhamiltonka@prlog.org,Male,90.208.13.16
732,Jeffrey,Stanley,jstanleykb@ow.ly,Male,75.241.56.195
733,Ruth,Lopez,rlopezkc@taobao.com,Female,249.9.59.6
734,Janet,Wood,jwoodkd@apple.com,Female,149.141.28.244
735,Douglas,Montgomery,dmontgomeryke@jugem.jp,Male,123.167.45.128
736,Kelly,Barnes,kbarneskf@cdbaby.com,Female,186.150.92.184
737,Andrew,Barnes,abarneskg@baidu.com,Male,138.168.37.14
738,William,Sullivan,wsullivankh@unc.edu,Male,36.168.237.181
739,Harry,Cruz,hcruzki@rakuten.co.jp,Male,162.136.210.133
740,Frances,Harrison,fharrisonkj@foxnews.com,Female,161.168.252.221
741,Linda,Myers,lmyerskk@dropbox.com,Female,97.220.168.64
742,Ralph,Wood,rwoodkl@patch.com,Male,21.91.157.62
743,George,Jordan,gjordankm@hc360.com,Male,48.53.172.42
744,Joshua,Wilson,jwilsonkn@wordpress.com,Male,24.180.253.48
745,Joan,Martinez,jmartinezko@dropbox.com,Female,99.38.22.85
746,Jerry,Morales,jmoraleskp@huffingtonpost.com,Male,194.156.152.194
747,Marie,Rice,mricekq@bravesites.com,Female,34.149.165.209
748,Melissa,Lawrence,mlawrencekr@surveymonkey.com,Female,17.62.112.224
749,Daniel,Frazier,dfrazierks@google.com.au,Male,160.32.255.89
750,Terry,Payne,tpaynekt@cdc.gov,Male,50.229.222.133
751,Jacqueline,Dixon,jdixonku@opera.com,Female,219.174.121.174
752,Jessica,Daniels,jdanielskv@usgs.gov,Female,33.86.82.26
753,Shawn,Marshall,smarshallkw@g.co,Male,169.153.223.90
754,Ralph,Wilson,rwilsonkx@comcast.net,Male,46.97.146.152
755,Annie,Nichols,anicholsky@opera.com,Female,36.79.30.102
756,Alice,Mendoza,amendozakz@cocolog-nifty.com,Female,75.82.66.223
757,Debra,Warren,dwarrenl0@digg.com,Female,89.122.22.129
758,Norma,Nichols,nnicholsl1@gnu.org,Female,206.97.120.64
759,Brenda,Sullivan,bsullivanl2@netscape.com,Female,46.253.76.42
760,Christopher,James,cjamesl3@phpbb.com,Male,90.178.81.37
761,Clarence,Hamilton,chamiltonl4@wunderground.com,Male,91.232.87.118
762,Tammy,Stone,tstonel5@livejournal.com,Female,5.169.0.220
763,Michelle,Torres,mtorresl6@moonfruit.com,Female,207.240.109.70
764,Terry,Bennett,tbennettl7@wikispaces.com,Male,17.115.94.110
765,Julia,Harrison,jharrisonl8@meetup.com,Female,255.201.32.6
766,Carolyn,Webb,cwebbl9@symantec.com,Female,245.32.23.254
767,Rebecca,Campbell,rcampbellla@moonfruit.com,Female,252.33.119.210
768,Mildred,Murray,mmurraylb@linkedin.com,Female,20.145.194.190
769,Martha,Sanchez,msanchezlc@comsenz.com,Female,191.165.11.200
770,Heather,Bradley,hbradleyld@liveinternet.ru,Female,37.15.235.77
771,Jacqueline,Morales,jmoralesle@blogtalkradio.com,Female,236.70.243.84
772,Anna,Lawrence,alawrencelf@netlog.com,Female,176.20.224.135
773,Anne,Cox,acoxlg@mapy.cz,Female,156.74.163.181
774,Eugene,Scott,escottlh@msn.com,Male,127.80.218.232
775,Jennifer,Thomas,jthomasli@ftc.gov,Female,167.64.14.159
776,Helen,Phillips,hphillipslj@zdnet.com,Female,40.88.108.229
777,Sarah,Smith,ssmithlk@freewebs.com,Female,103.151.61.87
778,Robert,Morris,rmorrisll@twitpic.com,Male,51.166.198.23
779,Shirley,Gilbert,sgilbertlm@php.net,Female,46.21.197.37
780,Wayne,Taylor,wtaylorln@usnews.com,Male,33.221.31.182
781,Mildred,Thompson,mthompsonlo@harvard.edu,Female,175.60.227.230
782,Carol,Peters,cpeterslp@berkeley.edu,Female,149.105.84.17
783,Lillian,Jordan,ljordanlq@shinystat.com,Female,152.150.113.44
784,Amanda,Rivera,ariveralr@theglobeandmail.com,Female,0.252.241.89
785,Patricia,Myers,pmyersls@disqus.com,Female,243.254.201.106
786,Bruce,Hicks,bhickslt@sakura.ne.jp,Male,183.142.16.125
787,Denise,Fisher,dfisherlu@google.nl,Female,68.233.19.128
788,Ryan,Day,rdaylv@elpais.com,Male,59.61.198.197
789,Howard,Watson,hwatsonlw@furl.net,Male,109.168.174.86
790,Emily,Sims,esimslx@harvard.edu,Female,169.151.174.87
791,Russell,Ward,rwardly@pagesperso-orange.fr,Male,118.4.93.146
792,Joyce,Williams,jwilliamslz@sciencedaily.com,Female,209.238.216.32
793,Julie,Carpenter,jcarpenterm0@hugedomains.com,Female,182.171.114.249
794,Heather,Reed,hreedm1@liveinternet.ru,Female,124.158.54.40
795,Bruce,Duncan,bduncanm2@4shared.com,Male,176.153.207.147
796,Timothy,Schmidt,tschmidtm3@yellowbook.com,Male,101.123.33.190
797,David,Alexander,dalexanderm4@blogspot.com,Male,27.199.154.220
798,Albert,Alvarez,aalvarezm5@dagondesign.com,Male,180.78.232.25
799,Margaret,Adams,madamsm6@oakley.com,Female,230.164.7.107
800,Willie,Mccoy,wmccoym7@example.com,Male,37.223.124.42
801,Maria,Spencer,mspencerm8@opera.com,Female,233.226.116.239
802,Harry,Gonzalez,hgonzalezm9@netlog.com,Male,54.19.226.250
803,Sean,Hall,shallma@nbcnews.com,Male,234.40.102.74
804,Antonio,Bradley,abradleymb@yolasite.com,Male,218.84.177.43
805,Edward,Carpenter,ecarpentermc@aol.com,Male,117.59.92.138
806,Terry,White,twhitemd@bizjournals.com,Male,128.207.162.111
807,Frank,Hayes,fhayesme@xing.com,Male,242.19.200.3
808,Carl,Dixon,cdixonmf@printfriendly.com,Male,116.54.9.90
809,Stephen,Hill,shillmg@abc.net.au,Male,177.197.158.216
810,Denise,Allen,dallenmh@dailymotion.com,Female,89.209.64.248
811,Terry,Palmer,tpalmermi@reverbnation.com,Male,42.59.88.245
812,Bobby,Gardner,bgardnermj@i2i.jp,Male,67.213.53.141
813,Phyllis,Rice,pricemk@opera.com,Female,54.205.118.255
814,Bruce,Hanson,bhansonml@epa.gov,Male,32.57.1.195
815,Michelle,Peters,mpetersmm@slate.com,Female,1.165.43.7
816,Norma,Taylor,ntaylormn@engadget.com,Female,120.91.248.19
817,Ernest,Rogers,erogersmo@fastcompany.com,Male,117.15.109.163
818,Rachel,Morgan,rmorganmp@biglobe.ne.jp,Female,161.210.100.140
819,Carolyn,Hughes,chughesmq@comsenz.com,Female,238.95.202.40
820,Katherine,Hayes,khayesmr@sciencedaily.com,Female,221.254.242.162
821,Lawrence,Elliott,lelliottms@photobucket.com,Male,174.30.189.89
822,Donna,Payne,dpaynemt@xinhuanet.com,Female,249.9.23.31
823,Carlos,Hart,chartmu@jimdo.com,Male,116.160.128.232
824,Annie,Payne,apaynemv@a8.net,Female,248.103.241.122
825,Larry,Bell,lbellmw@symantec.com,Male,158.17.4.50
826,Doris,West,dwestmx@constantcontact.com,Female,176.142.254.135
827,Angela,Adams,aadamsmy@sciencedirect.com,Female,109.48.212.108
828,Marilyn,Meyer,mmeyermz@ucsd.edu,Female,107.230.38.224
829,Phillip,Kelly,pkellyn0@paypal.com,Male,192.237.136.36
830,Andrew,Gardner,agardnern1@addtoany.com,Male,81.212.106.119
831,Nicholas,Brooks,nbrooksn2@sphinn.com,Male,50.93.220.66
832,Roger,Flores,rfloresn3@bloomberg.com,Male,225.215.147.144
833,Philip,Watkins,pwatkinsn4@timesonline.co.uk,Male,140.243.180.73
834,Russell,Lewis,rlewisn5@whitehouse.gov,Male,248.166.249.71
835,Adam,Ferguson,afergusonn6@tinyurl.com,Male,82.227.124.224
836,Ruby,Hawkins,rhawkinsn7@earthlink.net,Female,179.44.165.255
837,Melissa,Roberts,mrobertsn8@arstechnica.com,Female,168.236.141.154
838,Amanda,Shaw,ashawn9@shutterfly.com,Female,72.72.46.38
839,Robin,Wheeler,rwheelerna@redcross.org,Female,192.136.116.68
840,Frances,Carpenter,fcarpenternb@hp.com,Female,54.9.166.178
841,Antonio,Mitchell,amitchellnc@omniture.com,Male,247.8.94.204
842,Scott,Dunn,sdunnnd@cnn.com,Male,3.50.240.19
843,Victor,Gonzales,vgonzalesne@e-recht24.de,Male,1.125.77.52
844,Robert,Weaver,rweavernf@google.cn,Male,92.197.126.215
845,Joan,Mills,jmillsng@paginegialle.it,Female,104.35.12.155
846,Jonathan,Cruz,jcruznh@imdb.com,Male,156.14.248.141
847,Phyllis,Hawkins,phawkinsni@quantcast.com,Female,199.157.169.205
848,Paul,Peters,ppetersnj@engadget.com,Male,198.33.164.105
849,Douglas,West,dwestnk@behance.net,Male,208.56.33.145
850,Daniel,Carr,dcarrnl@google.es,Male,82.69.132.84
851,Christopher,Martinez,cmartineznm@state.gov,Male,21.81.118.239
852,Sarah,Alexander,salexandernn@columbia.edu,Female,137.131.0.212
853,Christine,Carroll,ccarrollno@geocities.jp,Female,157.242.127.206
854,Clarence,Stevens,cstevensnp@histats.com,Male,5.44.36.78
855,Alan,Mitchell,amitchellnq@freewebs.com,Male,119.38.33.177
856,Michelle,Owens,mowensnr@huffingtonpost.com,Female,180.213.80.81
857,Pamela,Nelson,pnelsonns@de.vu,Female,100.61.234.92
858,Anthony,Flores,afloresnt@washingtonpost.com,Male,149.170.218.48
859,Margaret,Diaz,mdiaznu@senate.gov,Female,21.167.207.246
860,Ann,Bradley,abradleynv@rediff.com,Female,192.122.88.48
861,Ernest,Rogers,erogersnw@umn.edu,Male,199.254.95.73
862,Kelly,Tucker,ktuckernx@forbes.com,Female,143.34.191.5
863,Mildred,Ramos,mramosny@hibu.com,Female,146.4.191.175
864,Angela,Gonzalez,agonzaleznz@princeton.edu,Female,104.120.191.87
865,Ashley,Banks,abankso0@tripod.com,Female,235.162.217.20
866,Ruby,Cook,rcooko1@tiny.cc,Female,43.144.232.19
867,William,Pierce,wpierceo2@prlog.org,Male,216.25.110.119
868,Karen,Nelson,knelsono3@senate.gov,Female,79.6.8.56
869,Steven,Weaver,sweavero4@slideshare.net,Male,153.62.247.255
870,Mildred,Hanson,mhansono5@noaa.gov,Female,79.104.167.100
871,Teresa,Olson,tolsono6@noaa.gov,Female,49.12.14.33
872,Philip,Baker,pbakero7@clickbank.net,Male,131.229.171.85
873,Chris,Wagner,cwagnero8@umich.edu,Male,52.197.106.50
874,Teresa,Richards,trichardso9@wikipedia.org,Female,51.20.123.35
875,Andrea,Garza,agarzaoa@joomla.org,Female,61.96.88.112
876,Carolyn,Gardner,cgardnerob@merriam-webster.com,Female,168.54.160.141
877,Katherine,James,kjamesoc@yolasite.com,Female,247.219.226.233
878,Joseph,Thompson,jthompsonod@weebly.com,Male,251.161.86.109
879,Amanda,Jacobs,ajacobsoe@topsy.com,Female,129.25.94.241
880,James,Diaz,jdiazof@timesonline.co.uk,Male,14.141.175.38
881,Alice,Carr,acarrog@homestead.com,Female,42.9.67.98
882,Jessica,Myers,jmyersoh@drupal.org,Female,215.166.225.69
883,Theresa,Nguyen,tnguyenoi@java.com,Female,115.64.240.83
884,Jennifer,Wallace,jwallaceoj@qq.com,Female,37.218.249.163
885,George,Griffin,ggriffinok@wikispaces.com,Male,214.135.91.37
886,Cynthia,Rodriguez,crodriguezol@yelp.com,Female,239.32.25.186
887,Martha,Jordan,mjordanom@xing.com,Female,92.148.89.23
888,Linda,Carpenter,lcarpenteron@example.com,Female,215.239.185.242
889,Andrea,Williams,awilliamsoo@forbes.com,Female,34.14.99.109
890,Nancy,Jordan,njordanop@amazon.com,Female,160.35.121.228
891,Anna,Berry,aberryoq@microsoft.com,Female,162.228.228.88
892,Denise,Hart,dhartor@wp.com,Female,52.29.8.207
893,Fred,Lawrence,flawrenceos@ft.com,Male,143.125.230.227
894,Aaron,Gutierrez,agutierrezot@foxnews.com,Male,247.214.74.17
895,Joan,Price,jpriceou@nifty.com,Female,33.3.57.167
896,Tammy,Gomez,tgomezov@spotify.com,Female,92.193.207.47
897,Mary,Fuller,mfullerow@webnode.com,Female,174.15.80.1
898,Evelyn,Sims,esimsox@netscape.com,Female,194.160.35.184
899,Willie,Medina,wmedinaoy@bandcamp.com,Male,128.107.217.30
900,Carol,Butler,cbutleroz@yellowpages.com,Female,33.72.250.88
901,Sean,Garrett,sgarrettp0@google.pl,Male,7.159.101.16
902,Justin,Webb,jwebbp1@howstuffworks.com,Male,189.128.187.82
903,Louis,Romero,lromerop2@yale.edu,Male,221.32.114.74
904,Ryan,Smith,rsmithp3@diigo.com,Male,112.171.152.44
905,Willie,Chavez,wchavezp4@amazon.de,Male,98.224.252.18
906,Raymond,Simpson,rsimpsonp5@usa.gov,Male,82.193.41.121
907,Chris,Rice,cricep6@cyberchimps.com,Male,177.79.61.35
908,Deborah,Allen,dallenp7@rambler.ru,Female,149.215.82.190
909,Janet,Cooper,jcooperp8@webs.com,Female,38.227.9.203
910,Alice,Willis,awillisp9@wunderground.com,Female,246.135.9.102
911,Susan,Carter,scarterpa@free.fr,Female,126.4.163.239
912,Susan,Hunter,shunterpb@soup.io,Female,129.190.135.37
913,Ernest,Williamson,ewilliamsonpc@people.com.cn,Male,79.250.162.146
914,Martin,Fowler,mfowlerpd@nasa.gov,Male,64.6.197.227
915,Lillian,Myers,lmyerspe@bloomberg.com,Female,128.164.224.49
916,Ronald,Dean,rdeanpf@reference.com,Male,66.138.89.249
917,Brenda,Arnold,barnoldpg@mediafire.com,Female,226.169.222.87
918,Jeremy,Stewart,jstewartph@dailymotion.com,Male,237.51.121.14
919,Joshua,Hernandez,jhernandezpi@ox.ac.uk,Male,44.229.101.62
920,Robert,Cooper,rcooperpj@theguardian.com,Male,226.104.164.139
921,Chris,Owens,cowenspk@nationalgeographic.com,Male,116.109.130.98
922,Bonnie,Mitchell,bmitchellpl@sphinn.com,Female,198.225.35.73
923,Kevin,Richardson,krichardsonpm@narod.ru,Male,174.190.206.100
924,Evelyn,Rice,ericepn@hud.gov,Female,119.3.138.124
925,Justin,Boyd,jboydpo@opera.com,Male,129.248.244.150
926,Paula,Payne,ppaynepp@skyrock.com,Female,255.128.67.237
927,Raymond,Jordan,rjordanpq@dot.gov,Male,155.93.241.54
928,Jeffrey,Ruiz,jruizpr@nih.gov,Male,0.192.62.236
929,Karen,Anderson,kandersonps@tripadvisor.com,Female,255.202.189.102
930,Anne,Crawford,acrawfordpt@odnoklassniki.ru,Female,136.144.152.108
931,Christina,Scott,cscottpu@last.fm,Female,80.238.141.155
932,Sharon,Mendoza,smendozapv@tinyurl.com,Female,1.123.75.44
933,Arthur,Larson,alarsonpw@answers.com,Male,71.152.98.192
934,Albert,Russell,arussellpx@liveinternet.ru,Male,243.114.232.81
935,Ronald,Reyes,rreyespy@geocities.jp,Male,203.162.97.53
936,Gregory,Weaver,gweaverpz@si.edu,Male,22.236.17.125
937,Jeffrey,Peterson,jpetersonq0@state.tx.us,Male,97.146.127.255
938,Amy,Martin,amartinq1@51.la,Female,178.47.101.206
939,Kathleen,Mills,kmillsq2@creativecommons.org,Female,50.244.55.176
940,Joseph,George,jgeorgeq3@histats.com,Male,231.164.37.3
941,Kimberly,Cook,kcookq4@aboutads.info,Female,248.117.18.39
942,Maria,Allen,mallenq5@seattletimes.com,Female,0.232.11.102
943,Anna,Weaver,aweaverq6@fema.gov,Female,111.219.95.117
944,Lawrence,Foster,lfosterq7@lycos.com,Male,131.151.183.45
945,Raymond,Armstrong,rarmstrongq8@wunderground.com,Male,203.210.152.243
946,Patrick,Ortiz,portizq9@ucoz.com,Male,53.53.165.205
947,Philip,Bryant,pbryantqa@youku.com,Male,192.80.235.63
948,Mark,Howell,mhowellqb@comcast.net,Male,170.101.63.51
949,Philip,Morales,pmoralesqc@ameblo.jp,Male,163.39.181.11
950,Shirley,Porter,sporterqd@zimbio.com,Female,201.48.169.132
951,Martin,Jenkins,mjenkinsqe@indiatimes.com,Male,28.164.239.95
952,Matthew,Ferguson,mfergusonqf@de.vu,Male,183.70.244.93
953,Pamela,Howell,phowellqg@sitemeter.com,Female,215.37.193.189
954,Gloria,Walker,gwalkerqh@odnoklassniki.ru,Female,185.52.180.166
955,Sara,Adams,sadamsqi@wikipedia.org,Female,132.26.58.56
956,Wanda,Pierce,wpierceqj@ning.com,Female,2.129.72.72
957,Bonnie,Simmons,bsimmonsqk@prnewswire.com,Female,102.192.139.240
958,Victor,Ferguson,vfergusonql@seattletimes.com,Male,145.54.115.167
959,Jean,Woods,jwoodsqm@ning.com,Female,179.160.252.231
960,Lois,Gonzalez,lgonzalezqn@google.de,Female,105.122.185.199
961,Betty,Frazier,bfrazierqo@cdbaby.com,Female,186.19.1.55
962,Bobby,Miller,bmillerqp@engadget.com,Male,93.155.3.116
963,Terry,Ramirez,tramirezqq@hugedomains.com,Male,60.232.186.122
964,Heather,James,hjamesqr@diigo.com,Female,68.165.41.229
965,Kathleen,Tucker,ktuckerqs@sfgate.com,Female,91.100.143.90
966,Amy,Washington,awashingtonqt@4shared.com,Female,19.160.211.28
967,Aaron,Garza,agarzaqu@vkontakte.ru,Male,175.191.176.56
968,Rose,Henry,rhenryqv@live.com,Female,163.176.159.153
969,Lori,Johnson,ljohnsonqw@bizjournals.com,Female,149.52.18.193
970,Dennis,Larson,dlarsonqx@com.com,Male,226.13.238.216
971,Louis,Hunter,lhunterqy@dailymail.co.uk,Male,224.236.2.215
972,Amanda,Fernandez,afernandezqz@ifeng.com,Female,140.200.161.185
973,Larry,Rodriguez,lrodriguezr0@mlb.com,Male,245.105.254.246
974,Earl,Torres,etorresr1@reddit.com,Male,119.132.242.4
975,Angela,Taylor,ataylorr2@tripod.com,Female,37.230.96.25
976,Bobby,Garcia,bgarciar3@ifeng.com,Male,96.247.77.105
977,Rachel,Cunningham,rcunninghamr4@ucoz.com,Female,51.202.98.166
978,Lois,Perkins,lperkinsr5@ft.com,Female,212.92.48.81
979,Rebecca,Baker,rbakerr6@nps.gov,Female,83.11.180.234
980,Joshua,Mcdonald,jmcdonaldr7@tinyurl.com,Male,139.179.182.182
981,Jonathan,Edwards,jedwardsr8@sourceforge.net,Male,100.13.111.162
982,Robert,Jenkins,rjenkinsr9@dot.gov,Male,50.39.5.89
983,Shawn,Pierce,spiercera@de.vu,Male,133.162.167.199
984,Phyllis,Robertson,probertsonrb@t.co,Female,195.215.185.95
985,Cheryl,Powell,cpowellrc@hostgator.com,Female,30.168.139.45
986,Robin,Montgomery,rmontgomeryrd@engadget.com,Female,209.148.178.39
987,Phillip,Berry,pberryre@e-recht24.de,Male,209.118.235.82
988,James,Gonzalez,jgonzalezrf@tinyurl.com,Male,143.172.18.20
989,Denise,Banks,dbanksrg@ustream.tv,Female,191.168.211.125
990,George,Moore,gmoorerh@sciencedaily.com,Male,218.203.249.17
991,Diana,Howell,dhowellri@yellowpages.com,Female,217.164.133.74
992,Keith,Austin,kaustinrj@archive.org,Male,9.125.159.148
993,Albert,Gomez,agomezrk@google.co.jp,Male,211.229.125.62
994,Jane,Jones,jjonesrl@addthis.com,Female,231.221.157.3
995,Catherine,Montgomery,cmontgomeryrm@dailymail.co.uk,Female,229.69.220.54
996,Lisa,Kennedy,lkennedyrn@zimbio.com,Female,133.203.110.67
997,Peter,Miller,pmillerro@webnode.com,Male,76.157.90.198
998,Evelyn,Duncan,eduncanrp@spotify.com,Female,127.65.230.219
999,Cheryl,Jenkins,cjenkinsrq@lycos.com,Female,187.144.193.49
1000,Carl,Ward,cwardrr@goodreads.com,Male,114.147.111.213
